{
  "id": "1719682",
  "name": "pre",
  "font_family": "iconfont",
  "css_prefix_text": "icon",
  "description": "预付费图标",
  "glyphs": [
    {
      "icon_id": "3751316",
      "name": "人民币",
      "font_class": "renminbi",
      "unicode": "e62f",
      "unicode_decimal": 58927
    },
    {
      "icon_id": "12520700",
      "name": "home",
      "font_class": "home",
      "unicode": "e61e",
      "unicode_decimal": 58910
    },
    {
      "icon_id": "6419914",
      "name": "address",
      "font_class": "address",
      "unicode": "e63b",
      "unicode_decimal": 58939
    },
    {
      "icon_id": "6189402",
      "name": "mobile",
      "font_class": "mobile",
      "unicode": "e620",
      "unicode_decimal": 58912
    }
  ]
}
